model,accuracy,recall,precision,f1_score
knn,0.7614663142967822,0.5948193527130897,0.759428523451988,0.6558284704633305
lr,0.7965986470213225,0.7265619405657,0.7703651948488096,0.7222552892124913
nb,0.6908777164870608,0.4238444229875601,0.6632244811620709,0.5100329972719531
rf,0.7940514257540795,0.6797500971273168,0.7815902954999605,0.7113264335232315
svm,0.9487166604231471,0.9489222676752671,0.9205258612573438,0.9338948775247854
