model,accuracy,recall,precision,f1_score
knn,0.6327396851869804,0.41398752390093774,0.5304204013789031,0.4622386435222694
lr,0.6442319232852961,0.2919890912692064,0.5875934112775545,0.3751222000454557
nb,0.6130327852525473,0.5204664872667992,0.49794435574780743,0.503848636472471
rf,0.6721486823605411,0.4926776477668334,0.5978474253305672,0.535164118887448
svm,0.6198656302823069,0.2588037818710911,0.6392185559745298,0.3125951526220844
