model,accuracy,recall,precision,f1_score
knn,0.6305948816728364,0.4176113726565654,0.5195757422402159,0.4576364835089815
lr,0.6461121718212606,0.3036186114983507,0.5946466695351076,0.3879230980985543
nb,0.6564302985713909,0.3462439819152745,0.6050637729352346,0.42945487401971
rf,0.6642331456661995,0.45853744353284426,0.5783011320145136,0.5067222092940894
svm,0.6142997990953081,0.3841683425889953,0.5838054861846433,0.38380868297823295
