model,accuracy,recall,precision,f1_score
knn,0.6818834343466984,0.5017269617813531,0.6122126864226771,0.5468178244840933
lr,0.7516218284291784,0.6987936692034037,0.6871029404658536,0.686241240787502
nb,0.6107356960866098,0.5205533305147367,0.4940367224603787,0.5019899647805638
rf,0.6956416767675045,0.5671003115691965,0.6213608396461714,0.590747392353563
svm,0.867063586113096,0.8798552707757235,0.8105383265513237,0.8400270130644694
