model,accuracy,recall,precision,f1_score
knn,0.6237678346436746,0.3783349425996602,0.5166792987919243,0.4318400367870473
lr,0.6532599117020712,0.3117751635928728,0.6122944460644942,0.39914404554167904
nb,0.6091208978829481,0.5526926644117893,0.4936885526098852,0.5139977145035202
rf,0.6630725642219797,0.4925044849966862,0.5778405034298186,0.5262009927827501
svm,0.6125965910831768,0.29468884978403453,0.5478627228870501,0.3429598679830707
