model,accuracy,recall,precision,f1_score
knn,0.6262610095516874,0.4095227144609243,0.5260180771905533,0.45621983687193624
lr,0.6399290866379106,0.2894917765538466,0.5878360561396276,0.37077196926360784
nb,0.6441453460171531,0.19739665463049721,0.6816154970760234,0.2825395690041722
rf,0.6686499227040305,0.5105607864646419,0.5856227487060968,0.541119058151741
svm,0.6180844722320962,0.24251614979698483,0.595154226350177,0.2771803143913272
