model,accuracy,recall,precision,f1_score
knn,0.6318856612485683,0.42691674094049714,0.5334451610109505,0.47086570748420736
lr,0.6493617928017206,0.33899123759246136,0.5636550343953994,0.4122685644119774
nb,0.6293214582911946,0.47210217793724435,0.5365224225991886,0.49077495900405754
rf,0.6826187363260936,0.5372158549870116,0.604815677586488,0.5645502045434933
svm,0.6482054110120925,0.3645062504285029,0.6281214546947306,0.4269936775925771
