model,accuracy,recall,precision,f1_score
knn,0.6421591237843588,0.44134662263561636,0.5486811683471026,0.4848037066575987
lr,0.6292333158893784,0.37776441483648326,0.543293981174758,0.43074198549922577
nb,0.6706036450036483,0.40709177007869213,0.6353137794905896,0.48182329448022826
rf,0.6852649994848597,0.4930867251715916,0.6213085739165474,0.5434936193448026
svm,0.6570726464923189,0.37137324694715507,0.6328344489017919,0.441004770538682
